﻿Designator,Quantity,Value,Footprint,Package,MPN,DNP,Mount_Type,Description,LCSC Part #,Footprint v,Voltage Rating,Temperature Profile,STANDARD,MANUFACTURER,Manufacturer Nr,Footprint dpl
BZ301,1,Buzzer-FUET-5020,FUET-5020,,,,smt,75dB,C391029,,,,,,,
"C101, C113, C114, C304",4,100nF,C_0603_1608Metric,,,,smt,Unpolarized capacitor,C14663,0603,50V,X7R,,,,
"C102, C103",2,22pF,C_0603_1608Metric,,,,smt,Unpolarized capacitor,C1653,0603,50V,C0G,,,,
"C104, C105, C106, C107, C108, C109, C110, C301, C302, C401, C402, C403, C404, C405, C406, C407, C408, C409, C410, C411, C412, C413, C414, C415, C416, C417, C418, C419, C420, C421, C422, C423, C424, C425",34,100nF,C_0402_1005Metric,,,,smt,Unpolarized capacitor,C56392,0402,25V,X7R,,,,
C111,1,10uF,C_0603_1608Metric,,,,smt,Unpolarized capacitor,C96446,0603,25V,X5R,,,,
"C112, C115, C303, C305",4,1uF,C_0603_1608Metric,,,,smt,Unpolarized capacitor,C15849,0603,50V,X5R,,,,
"C201, C202",2,10uF,C_0805_2012Metric,,,,smt,Unpolarized capacitor,C710989,0805,25V,X6S,,,,
C203,1,1nF,C_0603_1608Metric,,,,smt,Unpolarized capacitor,C1588,0603,50V,X7R,,,,
"D201, D203",2,B5817W,D_SOD-123,,,,smt,"14V 1A Schottky Diode, SMA",C2909923,,,,,,,
D202,1,PRTR5V0U2F,WSON-6_1.5x1.5mm_P0.5mm,,,,smt,"Ultra low capacitance double rail-to-rail ESD protection diode, SOT-143",C2937001,,,,,,,
D301,1,KT-0603R,LED_0603_1608Metric,,,,smt,Light emitting diode,C2286,,,,,,,
"D401, D402, D403, D404, D405, D406, D407, D408, D409, D410, D411, D412, D413, D414, D415, D416, D417, D418, D419, D420, D421, D422, D423, D424, D425",25,WS2812B-2020,LED_WS2812B-2020_PLCC4_2.0x2.0mm,,,,smt,"RGB LED with integrated controller, 2.0 x 2.0 mm, 12 mA",C965555,,,,,,,
J201,1,S2B-PH-SM4-TB,JST_PH_S2B-PH-SM4-TB_1x02-1MP_P2.00mm_Horizontal,,,,smt,"Generic connectable mounting pin connector, single row, 01x02, script generated (kicad-library-utils/schlib/autogen/connector/)",C295747,,,,,,,
"J301, J302",2,Conn_02x03_Odd_Even,PinHeader_2x03_P2.54mm_Vertical_SMD,,,,smt,"Generic connector, double row, 02x03, odd/even pin numbering scheme (row 1 odd numbers, row 2 even numbers), script generated (kicad-library-utils/schlib/autogen/connector/)",C192301,,,,,,,
J303,1,ZX-HY2.0-4PLT,ZX-HY2.0-4PLT,,,,smt,,C7429562,,,,,,,
J304,1,HLE-115-02-F-DV,SAMTEC_HLE-115-02-F-DV,,,,smt,,,,,,Manufacturer Recommendations,Samtec,HLE-115-02-F-DV,
P201,1,USB_C_Plug_USB2.0,USB_C_Receptacle_GCT_USB4110,,,,smt,USB 2.0-only Type-C Plug connector,C5143397,,,,,,,
Q301,1,DDTC113ZCA,SOT-23,,,,smt,"Digital PNP Transistor, 1k/10k, SOT-23",C151437,,,,,,,
"R101, R102, R105, R307",4,1k,R_0603_1608Metric,,,,smt,Resistor,C21190,,,,,,,0603
"R103, R104",2,27R,R_0603_1608Metric,,,,smt,Resistor,C25190,,,,,,,0603
"R201, R202",2,5k1,R_0603_1608Metric,,,,smt,Resistor,C23186,,,,,,,0603
R203,1,100,R_0603_1608Metric,,,,smt,Resistor,C22775,,,,,,,0603
"R301, R302",2,10k,R_0603_1608Metric,,,,smt,Resistor,C25804,,,,,,,0603
"R303, R304, R305, R306",4,1M,R_0603_1608Metric,,,,smt,Resistor,C105578,,,,,,,0603
R308,1,33k,R_0603_1608Metric,,,,smt,Resistor,C25593,,,,,,,0603
R309,1,330R,R_0603_1608Metric,,,,smt,Resistor,C22104,,,,,,,0603
S101,1,TS-1187A-B-A-B,SW_TS-1187A-B-A-B,,,,smt,,C318884,,,,,XKB Industrial Precision,,
U101,1,RP2040,QFN-56-1EP_7x7mm_P0.4mm_EP3.2x3.2mm,,,,smt,A microcontroller by Raspberry Pi,,,,,,,,
U102,1,W25Q128JVS,SOIC-8_5.23x5.23mm_P1.27mm,,,,smt,"128Mb Serial Flash Memory, Standard/Dual/Quad SPI, SOIC-8",C97521,,,,,,,
U201,1,AMS1117-3.3,SOT-223-3_TabPin2,,,,smt,"1A Low Dropout regulator, positive, 3.3V fixed output, SOT-223",C6186,,,,,,,
U301,1,LSM6DS3TR-C,LGA-14_3x2.5mm_P0.5mm_LayoutBorder3x4y,,,,smt,"I2C/SPI, iNEMO inertial module: always-on 3D accelerometer and 3D gyroscope",C967633,,,,,,,
U302,1,LMA3722T421-OA5,LMA3722T421-OA5,,,,smt,MEMS Microphone,C5373233,,,,,,,
Y101,1,Crystal_GND24,Crystal_SMD_3225-4Pin_3.2x2.5mm,,,,smt,"Four pin crystal, GND on pins 2 and 4",C9002,,,,,,,
